GeoKey,Country,State,Region,CountryCode
1,India,Maharashtra,APAC,IN
2,India,Karnataka,APAC,IN
3,India,Delhi,APAC,IN
4,India,Tamil Nadu,APAC,IN
5,India,Telangana,APAC,IN
6,India,Gujarat,APAC,IN
7,United States,California,North America,US
8,United States,New York,North America,US
9,United States,Texas,North America,US
10,United States,Illinois,North America,US
11,United Kingdom,England,EMEA,GB
12,United Kingdom,Scotland,EMEA,GB
13,UAE,Dubai,EMEA,AE
14,Singapore,Singapore,APAC,SG
15,Australia,New South Wales,APAC,AU
16,Australia,Victoria,APAC,AU
